1142,72.5
2804,NA
154,62.5
1220,55.0
678,52.5
2054,60.0
2949,65.0
390,57.5
3029,35.0
257,67.5
1811,62.5
1308,35.0
2359,47.5
2151,22.5
1470,30.0
884,42.5
2282,47.5
3428,57.5
1416,27.5
2828,47.5
3177,60.0
978,37.5
206,32.5
1441,50.0
2800,27.5
391,30.0
2342,30.0
1303,67.5
3030,NA
3240,45.0
736,47.5
3431,62.5
3060,22.5
2695,55.0
1724,NA
2881,37.5
3016,60.0
1050,35.0
2740,42.5
315,15.0
2031,27.5
1603,50.0
3446,52.5
463,55.0
3242,35.0
1823,27.5
1217,65.0
1768,27.5
1756,45.0
1044,NA
1257,47.5
47,70.0
3008,67.5
196,42.5
815,35.0
696,35.0
2838,42.5
2691,45.0
640,57.5
1619,40.0
3116,35.0
3411,NA
1648,37.5
1273,67.5
517,62.5
1399,60.0
1178,72.5
2925,27.5
1261,55.0
3097,62.5
1052,47.5
424,NA
1692,37.5
890,42.5
2550,57.5
796,45.0
2731,47.5
2731,47.5
758,45.0
49,50.0
3458,30.0
2537,NA
555,45.0
2114,55.0
375,65.0
6,40.0
1367,47.5
721,45.0
1380,57.5
1238,42.5
849,NA
53,42.5
1832,55.0
2609,30.0
1044,NA
3027,35.0
3036,52.5
3129,55.0
336,25.0
3466,42.5
2385,NA
2439,55.0
1011,35.0
247,45.0
3320,35.0
1154,35.0
3472,35.0
1272,40.0
1183,62.5
121,67.5
1079,42.5
2576,42.5
746,47.5
2729,47.5
1021,32.5
2795,50.0
322,NA
377,47.5
2683,60.0
2108,17.5
1548,55.0
3164,32.5
2679,42.5
2963,52.5
1091,40.0
1956,20.0
562,50.0
1567,27.5
2956,32.5
2213,25.0
1476,57.5
3489,32.5
1817,32.5
1469,47.5
431,NA
604,47.5
3049,32.5
3440,42.5
1089,NA
2321,62.5
2241,60.0
516,37.5
2487,45.0
2873,27.5
77,50.0
333,NA
2666,47.5
2620,55.0
402,NA
821,45.0
3019,55.0
3093,45.0
1781,45.0
1138,NA
2288,57.5
3062,NA
956,27.5
161,65.0
2857,NA
1480,60.0
2424,NA
1221,47.5
1370,45.0
3167,57.5
823,42.5
1661,57.5
1321,52.5
2969,72.5
1772,50.0
1075,37.5
1998,42.5
1963,47.5
1111,62.5
1755,67.5
2905,57.5
3320,35.0
2658,50.0
428,20.0
1413,60.0
2386,50.0
2297,32.5
2298,75.0
3200,45.0
3444,42.5
208,40.0
3039,50.0
1913,50.0
1655,62.5
2703,62.5
1007,32.5
333,NA
3274,52.5
3379,27.5
2899,55.0
2792,50.0
1874,57.5
3418,27.5
2281,45.0
3028,52.5
1308,35.0
3133,45.0
2695,55.0
3380,35.0
2231,NA
1115,NA
2311,57.5
902,65.0
1067,50.0
1884,NA
92,40.0
2539,67.5
2429,62.5
2871,60.0
342,35.0
2693,45.0
2873,27.5
1841,62.5
1459,47.5
1019,60.0
1283,45.0
865,27.5
2864,45.0
3420,30.0
2428,57.5
911,55.0
682,45.0
933,45.0
3476,50.0
684,52.5
1740,42.5
835,52.5
1761,75.0
1249,42.5
993,42.5
2466,30.0
690,NA
941,40.0
1928,55.0
1819,52.5
3450,52.5
3233,52.5
80,37.5
2543,35.0
2994,80.0
2914,NA
1158,47.5
1706,47.5
890,42.5
2671,65.0
1619,40.0
2632,47.5
3001,65.0
3449,37.5
1647,60.0
2685,50.0
2158,32.5
2079,12.5
3123,NA
1173,37.5
908,60.0
2236,45.0
3493,42.5
3234,47.5
3116,35.0
660,42.5
1598,57.5
3034,40.0
99,60.0
2442,67.5
1140,50.0
521,60.0
3111,47.5
1604,57.5
2008,70.0
707,30.0
2821,60.0
812,60.0
1190,32.5
2846,42.5
1945,67.5
472,NA
2679,42.5
1080,42.5
1172,67.5
3351,47.5
2738,NA
714,50.0
423,50.0
2758,60.0
3372,42.5
3241,50.0
235,50.0
2749,30.0
2506,50.0
1938,67.5
3400,57.5
207,47.5
1078,47.5
42,45.0
2714,42.5
987,62.5
1495,57.5
3438,70.0
1583,37.5
2371,42.5
1254,37.5
164,57.5
1128,45.0
1911,NA
2702,42.5
762,35.0
837,60.0
68,52.5
1889,50.0
3275,47.5
3204,45.0
1635,40.0
967,32.5
2446,65.0
3353,42.5
177,37.5
2069,NA
2585,57.5
2424,NA
1415,62.5
1491,55.0
3329,57.5
1519,52.5
1464,47.5
1732,72.5
1311,NA
1250,50.0
2084,60.0
3063,37.5
3416,72.5
1974,40.0
1065,72.5
1041,47.5
1889,50.0
2906,62.5
2459,40.0
1718,57.5
3365,15.0
3457,40.0
2531,67.5
2893,40.0
298,NA
2142,40.0
3066,37.5
813,22.5
2880,42.5
1458,35.0
1955,50.0
3441,52.5
2624,55.0
2956,32.5
3149,50.0
2440,50.0
1579,30.0
318,60.0
1721,32.5
1512,32.5
3239,55.0
1299,60.0
433,27.5
3339,50.0
1148,35.0
312,65.0
3046,57.5
1025,67.5
1767,47.5
1965,40.0
725,30.0
2052,42.5
1833,NA
295,47.5
3230,37.5
2331,65.0
2908,42.5
1928,55.0
3057,32.5
329,65.0
2304,35.0
2943,67.5
3494,37.5
1201,NA
2841,50.0
36,52.5
1330,32.5
3202,75.0
2922,67.5
2388,52.5
1813,27.5
1955,50.0
2598,37.5
2505,42.5
1365,35.0
2078,40.0
1725,37.5
1633,65.0
107,45.0
2420,40.0
3309,57.5
3453,42.5
71,60.0
2984,62.5
3049,32.5
787,NA
731,60.0
2896,32.5
3378,45.0
3237,20.0
2112,57.5
1721,32.5
1031,62.5
174,35.0
1400,52.5
2255,57.5
844,40.0
1841,62.5
491,55.0
733,50.0
1123,40.0
2037,42.5
1866,55.0
3443,NA
31,47.5
2775,27.5
3272,35.0
3235,52.5
2485,42.5
2878,57.5
214,50.0
1962,50.0
2549,27.5
1394,NA
1773,57.5
1728,37.5
1881,52.5
972,42.5
685,32.5
1853,52.5
3212,45.0
3079,47.5
2093,NA
2590,62.5
2900,NA
2883,70.0
2469,40.0
1297,37.5
950,37.5
1419,25.0
2514,72.5
3134,40.0
1093,45.0
915,32.5
2586,50.0
760,60.0
2247,22.5
2526,47.5
803,32.5
2910,NA
1937,57.5
2068,50.0
365,42.5
3359,65.0
3181,40.0
1589,32.5
911,55.0
3317,50.0
2145,55.0
1599,52.5
1561,37.5
610,45.0
1629,25.0
508,47.5
2509,75.0
2393,67.5
1110,37.5
956,27.5
1202,62.5
2951,62.5
173,57.5
3389,30.0
635,27.5
3002,50.0
1710,45.0
2678,32.5
1466,65.0
1010,30.0
695,55.0
1917,30.0
3226,55.0
3037,NA
2261,75.0
2186,60.0
1332,45.0
1012,50.0
2442,67.5
20,32.5
824,35.0
1014,52.5
3423,NA
13,30.0
873,32.5
65,42.5
1171,32.5
2464,65.0
1446,35.0
2581,52.5
3410,45.0
543,40.0
81,57.5
1807,40.0
3312,50.0
2690,30.0
3054,35.0
2644,57.5
1872,57.5
1638,55.0
2319,42.5
2267,25.0
1159,57.5
500,47.5
2826,45.0
1971,37.5
2216,32.5
652,45.0
2136,55.0
3090,62.5
348,52.5
1682,32.5
182,45.0
1801,NA
1241,30.0
1159,57.5
46,47.5
840,35.0
1527,35.0
99,60.0
621,55.0
2098,30.0
864,52.5
888,47.5
2165,55.0
2896,32.5
2262,50.0
3289,47.5
2834,45.0
1673,50.0
1519,52.5
2475,45.0
2945,35.0
1366,52.5
1972,42.5
3294,52.5
3078,42.5
2248,35.0
1349,35.0
2718,30.0
2465,NA
3031,77.5
430,47.5
3356,57.5
278,NA
3266,32.5
2797,52.5
2804,NA
1878,77.5
178,50.0
3157,40.0
2523,40.0
24,50.0
1896,42.5
1500,45.0
1315,37.5
2403,62.5
58,52.5
999,45.0
2962,37.5
303,40.0
398,40.0
3127,37.5
2422,45.0
969,42.5
1935,55.0
2484,55.0
3206,32.5
2976,52.5
1259,52.5
1404,35.0
2910,NA
2645,37.5
2670,57.5
308,40.0
916,62.5
416,65.0
39,42.5
3415,57.5
494,42.5
1943,NA
192,32.5
2400,47.5
2453,47.5
1586,NA
1492,52.5
2319,42.5
680,35.0
188,50.0
1749,55.0
1802,27.5
1572,30.0
2121,35.0
2335,20.0
3114,70.0
1742,50.0
2264,42.5
2121,35.0
3007,60.0
475,55.0
1265,50.0
3316,47.5
1762,40.0
855,62.5
3346,40.0
3298,50.0
3363,70.0
953,NA
2704,NA
387,NA
3128,45.0
1880,47.5
3022,45.0
3295,22.5
273,62.5
2252,NA
1818,45.0
1571,42.5
1900,42.5
2933,45.0
1117,45.0
1109,37.5
3057,32.5
1662,37.5
2902,30.0
2456,57.5
19,NA
15,52.5
23,52.5
711,62.5
820,42.5
987,62.5
2789,42.5
1895,50.0
2307,30.0
2352,NA
2945,35.0
421,52.5
76,55.0
2967,NA
122,45.0
2174,45.0
109,47.5
2432,37.5
2117,45.0
456,35.0
557,47.5
1376,62.5
2547,32.5
1581,70.0
2771,40.0
1504,47.5
1280,40.0
539,27.5
2558,NA
2489,40.0
585,27.5
1393,25.0
705,47.5
2390,45.0
1900,42.5
3249,35.0
2049,60.0
3183,45.0
2699,50.0
3484,52.5
680,35.0
1037,37.5
329,65.0
490,NA
1569,57.5
2978,42.5
1006,47.5
527,52.5
120,45.0
2117,45.0
1016,22.5
1217,65.0
2964,NA
2929,40.0
2268,NA
2682,NA
1035,42.5
2893,40.0
1854,55.0
994,45.0
1403,50.0
2912,65.0
2163,55.0
2227,35.0
1156,67.5
79,42.5
1573,NA
543,40.0
148,55.0
2159,47.5
697,37.5
250,30.0
3270,NA
2621,NA
1299,60.0
2725,65.0
2984,62.5
2856,NA
569,NA
1453,42.5
1881,52.5
418,50.0
3265,37.5
104,NA
1477,57.5
2088,65.0
1251,65.0
2107,52.5
3488,57.5
975,NA
129,22.5
730,32.5
1032,42.5
476,60.0
2706,67.5
2104,10.0
363,60.0
3165,35.0
381,55.0
3058,37.5
2535,47.5
1552,35.0
152,55.0
1831,52.5
2963,52.5
2205,45.0
242,32.5
661,67.5
260,NA
2566,70.0
471,52.5
1439,70.0
1845,30.0
1178,72.5
321,45.0
2167,40.0
433,27.5
2231,NA
3403,27.5
2482,47.5
2204,37.5
3205,NA
1877,27.5
3140,47.5
1286,37.5
996,50.0
616,32.5
2470,60.0
335,27.5
2932,55.0
2066,NA
618,NA
1668,55.0
3262,NA
425,37.5
2619,42.5
1424,27.5
773,30.0
1033,45.0
1515,45.0
2712,32.5
1654,67.5
1065,72.5
2017,32.5
60,32.5
2747,67.5
3108,32.5
3121,65.0
598,25.0
310,55.0
3378,45.0
2438,52.5
2383,52.5
2286,62.5
1214,20.0
1325,52.5
693,47.5
2723,57.5
3080,62.5
1858,52.5
374,50.0
3378,45.0
2209,57.5
1303,67.5
2066,NA
1445,37.5
1935,55.0
3342,57.5
2701,72.5
424,NA
1331,52.5
899,60.0
2246,47.5
1850,67.5
3484,52.5
2746,NA
3298,50.0
1570,17.5
569,NA
2341,40.0
2552,32.5
1855,67.5
523,62.5
2517,52.5
126,NA
2730,NA
726,57.5
1803,40.0
2711,37.5
200,40.0
241,37.5
1368,55.0
1185,50.0
1346,67.5
203,72.5
3168,40.0
325,57.5
129,22.5
671,55.0
1725,37.5
1717,45.0
2147,30.0
3246,NA
2158,32.5
1336,67.5
3417,35.0
187,70.0
615,62.5
3165,35.0
2092,25.0
1201,NA
160,55.0
3145,32.5
2468,0.0
2998,57.5
1531,60.0
1602,45.0
1533,35.0
86,52.5
296,52.5
1608,65.0
194,60.0
1514,60.0
617,45.0
581,60.0
2423,67.5
151,NA
937,42.5
2589,40.0
2410,52.5
902,65.0
2757,50.0
2825,62.5
1659,37.5
1961,32.5
1727,47.5
2944,35.0
2226,NA
48,40.0
1515,45.0
2988,57.5
2577,77.5
921,32.5
1543,32.5
2099,60.0
965,45.0
825,52.5
1821,67.5
3227,57.5
501,57.5
2361,40.0
189,40.0
2469,40.0
3060,22.5
398,40.0
504,42.5
2212,40.0
2778,50.0
233,35.0
2623,25.0
936,47.5
1449,72.5
1098,40.0
395,55.0
1709,45.0
464,60.0
3117,27.5
685,32.5
1842,57.5
3026,62.5
1562,NA
119,52.5
2100,40.0
3360,NA
945,22.5
119,52.5
2066,NA
2257,30.0
854,50.0
2794,37.5
3267,52.5
2875,57.5
3437,45.0
2882,37.5
111,62.5
3005,42.5
898,30.0
1621,NA
3163,35.0
407,37.5
1074,NA
1931,32.5
782,62.5
2082,57.5
774,55.0
448,35.0
3425,57.5
1655,62.5
3355,55.0
2570,42.5
535,35.0
456,35.0
3391,45.0
1018,45.0
817,70.0
574,45.0
3093,45.0
1038,47.5
2326,47.5
3407,50.0
1790,60.0
1291,62.5
3018,52.5
1803,40.0
376,42.5
2258,60.0
1160,37.5
2723,57.5
1844,22.5
587,52.5
1916,42.5
2115,35.0
2093,NA
2419,37.5
772,47.5
1622,55.0
2847,47.5
72,47.5
1748,NA
2478,30.0
1194,40.0
7,55.0
676,47.5
258,42.5
1237,57.5
735,47.5
1749,55.0
587,52.5
1810,27.5
109,47.5
851,32.5
342,35.0
1815,70.0
1753,27.5
1645,NA
3364,60.0
3496,50.0
1099,40.0
2412,65.0
2199,70.0
3198,45.0
2131,42.5
731,60.0
2005,55.0
2164,32.5
459,42.5
2732,42.5
401,30.0
3182,62.5
201,50.0
1417,47.5
1401,40.0
3142,25.0
2577,77.5
712,NA
1294,50.0
2102,42.5
25,22.5
2470,60.0
2568,60.0
1162,45.0
1569,57.5
205,40.0
1536,67.5
2850,52.5
3063,37.5
316,27.5
2434,30.0
481,27.5
3376,52.5
2947,NA
1147,42.5
3366,30.0
1410,20.0
2124,60.0
263,47.5
3117,27.5
2137,42.5
1936,62.5
1533,35.0
2063,30.0
149,55.0
249,37.5
2596,35.0
1939,55.0
1079,42.5
2997,42.5
699,32.5
2084,60.0
164,57.5
79,42.5
14,25.0
338,35.0
2315,77.5
1573,NA
643,32.5
2417,32.5
2235,57.5
2364,50.0
1996,NA
1152,37.5
384,32.5
2006,55.0
1654,67.5
1064,47.5
2902,30.0
1356,52.5
2958,52.5
2045,40.0
2471,80.0
1527,35.0
1525,NA
2668,62.5
1180,62.5
1991,47.5
2562,52.5
1144,70.0
1965,40.0
2294,30.0
2784,55.0
422,62.5
1432,15.0
2629,NA
579,52.5
3169,67.5
1741,52.5
449,20.0
771,35.0
502,47.5
636,37.5
2995,32.5
3325,57.5
3293,25.0
2623,25.0
3453,42.5
416,65.0
1288,45.0
1612,37.5
477,37.5
2704,NA
2921,45.0
273,62.5
1736,52.5
3423,NA
2920,50.0
2717,60.0
2938,50.0
2348,42.5
2112,57.5
361,47.5
2673,50.0
3479,62.5
1523,42.5
2090,50.0
1160,37.5
2735,62.5
3091,45.0
547,45.0
3043,NA
3314,57.5
2645,37.5
2912,65.0
2754,45.0
2179,37.5
2398,70.0
5,40.0
2502,30.0
671,55.0
599,40.0
589,57.5
85,NA
484,62.5
2629,NA
3485,60.0
1576,42.5
2148,37.5
3314,57.5
1642,42.5
3172,27.5
212,52.5
3210,NA
511,NA
1992,50.0
2871,60.0
2287,60.0
2669,65.0
3178,NA
3278,42.5
3464,35.0
3472,35.0
202,40.0
77,50.0
674,42.5
2044,32.5
3293,25.0
2794,37.5
409,60.0
2134,30.0
2115,35.0
2515,52.5
1609,65.0
1798,47.5
1331,52.5
3386,47.5
3357,47.5
914,NA
1886,17.5
704,65.0
3084,27.5
609,42.5
3023,75.0
905,32.5
2727,30.0
35,50.0
1521,25.0
2045,40.0
1232,65.0
2152,27.5
1477,57.5
703,45.0
2153,50.0
2686,32.5
2946,45.0
2062,67.5
3319,37.5
66,37.5
794,40.0
3303,42.5
2622,57.5
3048,32.5
345,47.5
1455,37.5
2250,60.0
873,32.5
2573,60.0
996,50.0
1620,NA
1718,57.5
2981,52.5
2892,57.5
3120,62.5
452,40.0
603,55.0
1359,67.5
1681,52.5
1567,27.5
3284,50.0
1970,70.0
254,32.5
1361,50.0
1732,72.5
779,47.5
1091,40.0
2327,32.5
189,40.0
2627,50.0
110,62.5
16,65.0
1167,27.5
2775,27.5
2609,30.0
2977,52.5
1811,62.5
3179,67.5
3345,65.0
952,45.0
3481,50.0
414,35.0
2581,52.5
3343,25.0
1899,57.5
462,22.5
495,42.5
2298,75.0
2258,60.0
1019,60.0
1802,27.5
2477,25.0
3109,25.0
4,55.0
3344,40.0
893,NA
2475,45.0
3124,45.0
2557,27.5
962,30.0
2048,40.0
62,40.0
146,55.0
3109,25.0
1988,32.5
2123,NA
2852,37.5
530,42.5
368,25.0
1835,27.5
1623,50.0
435,NA
3288,77.5
1464,47.5
3486,55.0
2251,70.0
601,NA
2007,55.0
2367,52.5
2922,67.5
2917,NA
1341,55.0
2260,27.5
1977,22.5
928,NA
1345,42.5
576,60.0
2134,30.0
1357,45.0
355,47.5
1695,57.5
2596,35.0
724,42.5
2222,45.0
826,60.0
522,40.0
2982,20.0
663,45.0
1251,65.0
2931,47.5
924,55.0
1985,NA
1203,57.5
1639,27.5
2361,40.0
1786,62.5
2791,52.5
252,67.5
161,65.0
3013,47.5
2919,37.5
3418,27.5
1744,50.0
2193,30.0
63,42.5
3020,52.5
1913,50.0
1124,40.0
2788,57.5
2725,65.0
1867,47.5
2987,45.0
3363,70.0
1752,42.5
2221,40.0
1107,55.0
2895,42.5
2965,50.0
2188,57.5
3419,50.0
3126,42.5
3202,75.0
2843,35.0
2918,67.5
994,45.0
2569,NA
1714,35.0
3343,25.0
612,47.5
2232,45.0
574,45.0
2378,37.5
720,60.0
78,NA
2777,47.5
687,52.5
1264,70.0
1764,42.5
1077,40.0
1823,27.5
3375,17.5
2698,NA
142,67.5
1088,47.5
1575,65.0
2811,57.5
202,40.0
1451,40.0
307,60.0
319,57.5
2688,60.0
1131,37.5
1838,57.5
514,67.5
2741,27.5
389,42.5
1662,37.5
1909,50.0
546,20.0
213,60.0
1648,37.5
98,40.0
1585,NA
3219,52.5
2990,50.0
92,40.0
695,55.0
3088,52.5
451,NA
3384,NA
1924,65.0
346,32.5
252,67.5
2505,42.5
532,30.0
3255,70.0
259,65.0
3193,52.5
2386,50.0
380,45.0
21,20.0
1282,52.5
3428,57.5
2057,30.0
1274,50.0
193,70.0
37,32.5
2846,42.5
838,70.0
2601,35.0
1319,30.0
1742,50.0
354,55.0
3294,52.5
3209,45.0
785,NA
832,45.0
2128,45.0
1890,70.0
3455,47.5
2051,42.5
1191,50.0
553,42.5
2926,60.0
200,40.0
505,NA
1941,55.0
555,45.0
983,65.0
2002,60.0
2125,30.0
2953,40.0
3321,20.0
2992,75.0
2834,45.0
432,57.5
417,42.5
817,70.0
1128,45.0
50,62.5
1689,55.0
214,50.0
681,55.0
642,37.5
446,60.0
1187,40.0
271,52.5
2504,NA
981,22.5
2219,50.0
2064,42.5
1294,50.0
2653,NA
1901,52.5
729,45.0
3291,45.0
1582,62.5
2928,65.0
2467,NA
3196,40.0
1479,42.5
84,52.5
934,72.5
1595,62.5
817,70.0
2795,50.0
1440,55.0
3204,45.0
2704,NA
2904,47.5
1301,37.5
2020,30.0
1852,50.0
784,42.5
1885,20.0
2419,37.5
412,45.0
3484,52.5
2241,60.0
2411,42.5
943,42.5
167,57.5
2312,60.0
3500,50.0
1687,NA
1350,55.0
1043,65.0
3163,35.0
1112,40.0
936,47.5
1433,55.0
2271,40.0
2605,35.0
500,47.5
219,NA
2762,50.0
2465,NA
3295,22.5
3412,42.5
1245,77.5
3185,50.0
2065,45.0
416,65.0
597,NA
2148,37.5
2107,52.5
570,50.0
3221,42.5
2201,47.5
1929,32.5
2363,67.5
1495,57.5
144,40.0
2331,65.0
3205,NA
1428,60.0
2593,40.0
2768,47.5
3237,20.0
2887,70.0
837,60.0
578,47.5
1475,NA
1437,50.0
1740,42.5
1041,47.5
1554,40.0
1708,60.0
323,67.5
518,27.5
294,60.0
1551,55.0
1256,45.0
2333,50.0
2632,47.5
483,60.0
2176,45.0
3094,37.5
986,60.0
2159,47.5
1119,25.0
2888,57.5
1665,42.5
408,12.5
2321,62.5
2564,40.0
2955,67.5
2102,42.5
1015,45.0
1804,57.5
277,57.5
82,45.0
1462,37.5
1990,50.0
102,NA
2522,55.0
1812,47.5
1599,52.5
1478,32.5
12,42.5
1259,52.5
2215,62.5
394,50.0
2350,47.5
3189,22.5
2197,45.0
1085,40.0
2494,55.0
2710,NA
2166,62.5
1190,32.5
1333,NA
1101,45.0
2499,45.0
774,55.0
264,NA
2315,77.5
578,47.5
1003,35.0
3135,25.0
317,30.0
2765,NA
1963,47.5
2052,42.5
3020,52.5
426,55.0
1511,22.5
2651,40.0
3155,35.0
1179,55.0
1760,40.0
1549,60.0
1230,42.5
1102,40.0
2039,50.0
1395,60.0
1127,37.5
2,62.5
2355,32.5
251,30.0
3127,37.5
2036,45.0
1309,47.5
2487,45.0
1322,52.5
3350,45.0
2369,50.0
3012,67.5
3292,32.5
1420,42.5
37,32.5
360,37.5
791,30.0
256,30.0
1699,50.0
1574,47.5
3345,65.0
1503,40.0
540,57.5
1292,NA
3135,25.0
860,45.0
455,47.5
3213,52.5
2733,30.0
639,NA
713,37.5
3462,57.5
1009,NA
2977,52.5
3468,52.5
1210,NA
766,57.5
381,55.0
1539,40.0
3402,45.0
1743,47.5
1707,32.5
2042,60.0
1914,37.5
289,55.0
21,20.0
2000,35.0
2509,75.0
469,42.5
681,55.0
1857,25.0
94,45.0
1073,57.5
3141,55.0
3098,35.0
76,55.0
3336,NA
3226,55.0
926,67.5
3097,62.5
1746,NA
1084,47.5
1760,40.0
2042,60.0
1827,42.5
577,72.5
3188,62.5
2072,42.5
1249,42.5
1095,52.5
2303,NA
645,32.5
1914,37.5
814,20.0
1584,72.5
3314,57.5
918,32.5
602,65.0
2396,55.0
1652,55.0
2868,70.0
3096,62.5
1205,40.0
862,42.5
3332,30.0
2240,52.5
2074,40.0
3280,52.5
2855,62.5
520,52.5
2858,45.0
1463,42.5
2966,37.5
427,62.5
1852,50.0
267,32.5
1898,37.5
440,40.0
3199,30.0
1439,70.0
2525,42.5
3187,42.5
1897,35.0
856,40.0
1847,42.5
2783,NA
1045,NA
2533,52.5
2885,52.5
549,NA
1124,40.0
45,52.5
3061,60.0
388,47.5
492,37.5
3077,57.5
1659,37.5
2242,37.5
1615,NA
2145,55.0
870,NA
306,NA
2205,45.0
1191,50.0
1705,35.0
2574,32.5
473,55.0
2449,57.5
1670,37.5
2154,35.0
3358,35.0
2719,47.5
1063,47.5
591,NA
1435,55.0
238,55.0
2055,47.5
1475,NA
1054,NA
2872,22.5
369,32.5
165,30.0
2718,30.0
375,65.0
1146,65.0
1688,NA
2129,37.5
1509,62.5
959,75.0
2680,47.5
1700,47.5
27,35.0
2211,37.5
957,35.0
1755,67.5
2366,50.0
3150,35.0
1931,32.5
1221,47.5
2081,47.5
1925,55.0
751,35.0
670,67.5
2611,37.5
2001,57.5
2424,NA
499,52.5
415,35.0
531,32.5
1605,22.5
2240,52.5
2224,37.5
1678,32.5
1806,NA
2050,55.0
2016,37.5
1246,50.0
2800,27.5
3262,NA
2952,65.0
3066,37.5
1526,65.0
203,72.5
2833,60.0
1020,50.0
1555,NA
3456,50.0
1644,20.0
3245,52.5
370,72.5
3350,45.0
925,52.5
790,50.0
2684,25.0
139,47.5
3408,20.0
2520,50.0
2767,35.0
2263,25.0
357,30.0
34,50.0
2232,45.0
1248,45.0
3341,47.5
2715,NA
269,37.5
3431,62.5
739,47.5
1043,65.0
2204,37.5
1411,50.0
2973,42.5
2490,40.0
888,47.5
755,55.0
2135,22.5
1296,52.5
1946,NA
1625,37.5
3075,42.5
3337,NA
3287,35.0
1735,NA
1334,45.0
651,67.5
2314,30.0
91,NA
3263,50.0
2783,NA
3437,45.0
1295,62.5
3166,25.0
2662,60.0
2039,50.0
1181,50.0
2059,50.0
1714,35.0
1467,45.0
750,50.0
1542,52.5
83,42.5
300,52.5
1071,NA
1401,40.0
3282,45.0
2464,65.0
2751,45.0
2384,37.5
2492,42.5
2731,47.5
1323,37.5
182,45.0
2511,40.0
3328,60.0
2875,57.5
2291,NA
668,55.0
1353,55.0
480,60.0
3236,45.0
1735,NA
580,65.0
2648,47.5
2,62.5
939,65.0
2339,NA
1145,45.0
79,42.5
678,52.5
862,42.5
1672,NA
1342,57.5
1,55.0
2059,50.0
2701,72.5
1657,47.5
3203,30.0
2635,37.5
1279,37.5
1372,42.5
1760,40.0
2530,60.0
1343,35.0
1985,NA
2633,45.0
868,42.5
1141,40.0
1223,40.0
3173,45.0
1954,32.5
801,70.0
134,42.5
2907,55.0
1244,65.0
491,55.0
3011,50.0
3290,45.0
2290,27.5
2785,47.5
1348,42.5
2630,55.0
2492,42.5
1963,47.5
2187,37.5
519,57.5
304,37.5
992,55.0
3493,42.5
487,NA
34,50.0
593,60.0
2132,37.5
1508,NA
1423,27.5
2179,37.5
3053,45.0
280,42.5
2946,45.0
1313,37.5
807,35.0
3313,42.5
1793,47.5
1378,62.5
3000,NA
1606,NA
2625,32.5
2643,55.0
211,NA
1234,30.0
1374,60.0
2587,52.5
2458,62.5
3382,42.5
1252,42.5
1442,47.5
2072,42.5
1686,30.0
2583,45.0
2008,70.0
646,45.0
2833,60.0
1022,67.5
2917,NA
2718,30.0
2212,40.0
388,47.5
628,52.5
2776,42.5
2260,27.5
2434,30.0
3409,65.0
2390,45.0
219,NA
3115,62.5
2397,40.0
996,50.0
1750,35.0
1436,62.5
2120,50.0
2706,67.5
1321,52.5
3464,35.0
1774,NA
1375,50.0
1826,65.0
2483,37.5
2300,NA
122,45.0
2360,62.5
3151,60.0
3131,72.5
922,35.0
1136,65.0
1242,62.5
2132,37.5
1490,20.0
103,62.5
1845,30.0
2196,35.0
1927,52.5
1994,47.5
337,55.0
3004,55.0
168,47.5
2406,45.0
866,57.5
186,65.0
2377,27.5
634,40.0
61,NA
3374,55.0
1383,30.0
1487,55.0
3398,57.5
969,42.5
1324,60.0
1714,35.0
1669,32.5
2285,60.0
1269,45.0
2608,50.0
1572,30.0
1748,NA
552,65.0
2989,55.0
2070,57.5
1919,50.0
2259,42.5
3053,45.0
2572,57.5
2463,NA
3495,72.5
2004,50.0
1492,52.5
78,NA
2836,32.5
1905,50.0
706,67.5
2076,37.5
2265,55.0
1062,55.0
2986,27.5
2274,37.5
1266,35.0
1505,57.5
1040,45.0
1286,37.5
2337,60.0
1077,40.0
732,30.0
2535,47.5
135,62.5
2456,57.5
2799,37.5
1976,47.5
1235,52.5
2460,42.5
1578,60.0
2101,50.0
2436,45.0
2500,37.5
1969,65.0
17,35.0
2481,60.0
3283,35.0
525,70.0
255,50.0
1129,62.5
2014,NA
1998,42.5
312,65.0
1276,27.5
408,12.5
1521,25.0
1698,57.5
2555,42.5
260,NA
392,NA
245,40.0
2975,55.0
1733,45.0
3198,45.0
803,32.5
2134,30.0
2497,50.0
1422,60.0
1865,50.0
1705,35.0
3300,42.5
2226,NA
55,37.5
270,35.0
658,50.0
57,42.5
1218,NA
1863,35.0
1135,67.5
88,52.5
2176,45.0
766,57.5
1666,62.5
637,45.0
892,55.0
1444,55.0
471,52.5
2582,60.0
504,42.5
1013,52.5
1016,22.5
950,37.5
2160,40.0
2920,50.0
2405,37.5
452,40.0
2412,65.0
647,60.0
1556,52.5
1706,47.5
1424,27.5
2322,72.5
3264,77.5
1163,60.0
222,55.0
517,62.5
1025,67.5
1172,67.5
829,NA
246,NA
3222,47.5
1738,35.0
2488,32.5
3074,40.0
2197,45.0
2142,40.0
1398,35.0
846,42.5
495,42.5
334,45.0
2250,60.0
2270,47.5
2608,50.0
1793,47.5
2959,65.0
1524,70.0
1860,60.0
2994,80.0
1596,57.5
1405,65.0
1520,45.0
3045,35.0
94,45.0
2119,37.5
3063,37.5
1616,32.5
1828,42.5
2530,60.0
123,35.0
1366,52.5
1636,45.0
3445,30.0
359,40.0
1236,55.0
261,45.0
1920,60.0
1789,62.5
1267,55.0
1061,45.0
976,45.0
2797,52.5
1121,60.0
3020,52.5
1096,57.5
2982,20.0
3388,60.0
3090,62.5
478,50.0
2234,40.0
168,47.5
2993,20.0
903,32.5
2822,50.0
275,NA
2965,50.0
963,42.5
1369,25.0
284,42.5
964,40.0
2443,32.5
2773,50.0
2860,22.5
2462,65.0
2931,47.5
964,40.0
1927,52.5
3360,NA
44,75.0
789,35.0
2514,72.5
2352,NA
2349,32.5
1744,50.0
85,NA
236,NA
2939,57.5
866,57.5
1501,62.5
807,35.0
3435,65.0
498,47.5
1104,35.0
1628,50.0
825,52.5
886,62.5
1734,37.5
13,30.0
469,42.5
3082,NA
1208,42.5
735,47.5
1205,40.0
3097,62.5
374,50.0
444,35.0
1822,50.0
2407,75.0
505,NA
1102,40.0
2126,50.0
2337,60.0
1489,30.0
2817,57.5
2792,50.0
111,62.5
3132,40.0
2301,57.5
515,17.5
3183,45.0
2966,37.5
1114,45.0
477,37.5
420,60.0
2204,37.5
3412,42.5
3326,55.0
38,40.0
2362,60.0
3344,40.0
1941,55.0
2030,22.5
857,42.5
2225,40.0
1260,40.0
2252,NA
2634,30.0
268,NA
3463,35.0
3439,60.0
3461,65.0
2544,35.0
595,67.5
3076,55.0
3369,35.0
1873,42.5
781,67.5
560,32.5
189,40.0
2208,40.0
1445,37.5
2782,62.5
1940,30.0
1211,30.0
3477,52.5
1429,40.0
2863,55.0
447,30.0
2936,32.5
1966,45.0
2425,25.0
2385,NA
2097,57.5
97,55.0
2802,52.5
2300,NA
3278,42.5
1404,35.0
1770,70.0
3385,37.5
1831,52.5
654,57.5
1648,37.5
1249,42.5
1450,40.0
662,57.5
3316,47.5
834,42.5
2595,50.0
2277,65.0
777,40.0
940,62.5
3193,52.5
990,35.0
3156,37.5
2909,42.5
2532,NA
2244,NA
793,77.5
3252,60.0
626,60.0
2809,50.0
1799,70.0
2999,47.5
106,52.5
2034,42.5
3076,55.0
2856,NA
1114,45.0
1030,55.0
3276,52.5
1442,47.5
924,55.0
2127,62.5
2456,57.5
2624,55.0
2721,50.0
2061,57.5
863,37.5
163,62.5
1447,52.5
1494,35.0
1652,55.0
929,55.0
1366,52.5
3296,NA
2174,45.0
485,52.5
2646,37.5
2144,47.5
2901,30.0
889,NA
877,50.0
2959,65.0
2399,47.5
1939,55.0
228,25.0
125,50.0
3226,55.0
1884,NA
1266,35.0
2614,32.5
1726,27.5
1150,65.0
2708,17.5
1337,32.5
438,NA
294,60.0
2365,25.0
31,47.5
1460,30.0
1597,65.0
3268,30.0
1058,NA
1222,42.5
2861,25.0
677,35.0
1064,47.5
1299,60.0
3125,35.0
1942,42.5
2952,65.0
133,52.5
2170,45.0
2993,20.0
2812,60.0
2120,50.0
604,47.5
708,60.0
1659,37.5
1580,NA
1911,NA
2109,50.0
2544,35.0
3225,40.0
2391,50.0
1223,40.0
3302,67.5
1588,45.0
3254,67.5
372,35.0
2729,47.5
643,32.5
2669,65.0
1035,42.5
2020,30.0
427,62.5
1579,30.0
1756,45.0
675,72.5
54,60.0
1007,32.5
1300,32.5
191,NA
3456,50.0
3339,50.0
816,67.5
550,65.0
557,47.5
878,42.5
29,40.0
632,67.5
1509,62.5
3362,37.5
2784,55.0
1165,75.0
460,37.5
1591,42.5
850,12.5
277,57.5
3057,32.5
2693,45.0
2610,37.5
1641,22.5
1007,32.5
2591,72.5
3170,40.0
3318,47.5
1843,37.5
1225,47.5
1867,47.5
1119,25.0
1829,37.5
2041,37.5
2592,45.0
2341,40.0
318,60.0
366,50.0
1472,60.0
2111,50.0
1921,50.0
2758,60.0
2815,NA
1533,35.0
2805,40.0
2991,52.5
868,42.5
548,NA
1151,35.0
2947,NA
2376,37.5
785,NA
663,45.0
1859,NA
1741,52.5
371,40.0
1870,65.0
2377,27.5
2660,45.0
625,32.5
2851,37.5
3367,22.5
1234,30.0
854,50.0
3389,30.0
2306,NA
2476,52.5
2869,47.5
1239,22.5
236,NA
2952,65.0
2803,62.5
979,60.0
3267,52.5
3210,NA
1636,45.0
2976,52.5
2067,45.0
2227,35.0
1522,55.0
3090,62.5
2796,17.5
293,52.5
2606,55.0
1312,NA
2340,62.5
3368,35.0
2565,45.0
1964,37.5
2749,30.0
3123,NA
2868,70.0
2913,65.0
2918,67.5
2333,50.0
3456,50.0
1175,60.0
1956,20.0
876,42.5
1523,42.5
3187,42.5
2666,47.5
2730,NA
2076,37.5
1046,70.0
2869,47.5
137,60.0
561,60.0
913,32.5
2283,37.5
3326,55.0
952,45.0
1985,NA
2695,55.0
1162,45.0
2031,27.5
464,60.0
198,35.0
2390,45.0
483,60.0
1253,70.0
335,27.5
185,40.0
2252,NA
1925,55.0
1910,55.0
64,75.0
881,67.5
2350,47.5
3194,45.0
1493,45.0
2747,67.5
1087,47.5
454,37.5
2898,35.0
879,NA
153,40.0
3107,52.5
2656,35.0
3315,32.5
2017,32.5
2663,37.5
2657,52.5
1513,50.0
3327,60.0
2860,22.5
841,27.5
2820,37.5
3151,60.0
648,55.0
2348,42.5
2882,37.5
2769,72.5
539,27.5
1576,42.5
396,62.5
3301,40.0
2024,57.5
3246,NA
2404,47.5
1316,32.5
944,42.5
1575,65.0
2818,67.5
2894,42.5
3052,52.5
3099,40.0
3277,40.0
2015,57.5
2445,32.5
324,52.5
1560,47.5
1653,70.0
1257,47.5
2296,40.0
2136,55.0
2092,25.0
2314,30.0
1164,32.5
682,45.0
2490,40.0
2122,57.5
2124,60.0
2533,52.5
2024,57.5
114,57.5
516,37.5
1667,50.0
159,35.0
1133,30.0
1132,30.0
2660,45.0
2323,40.0
1972,42.5
1842,57.5
3375,17.5
2734,52.5
2381,NA
2449,57.5
3248,42.5
1856,55.0
3366,30.0
3211,35.0
3052,52.5
3483,30.0
3004,55.0
2745,NA
2441,50.0
2638,47.5
50,62.5
3081,45.0
1787,52.5
166,55.0
2733,30.0
1340,37.5
2571,50.0
2331,65.0
2616,32.5
1255,45.0
489,50.0
1660,50.0
470,42.5
3100,NA
1456,60.0
2816,17.5
2536,70.0
739,47.5
1557,40.0
224,62.5
3452,42.5
1788,42.5
3138,47.5
2430,62.5
2811,57.5
804,30.0
1409,37.5
1111,62.5
2577,77.5
664,62.5
3325,57.5
1862,45.0
764,65.0
249,37.5
32,52.5
10,50.0
3327,60.0
1782,27.5
2927,55.0
755,55.0
2358,60.0
1154,35.0
827,62.5
1360,67.5
1932,40.0
776,27.5
1547,40.0
2116,30.0
2618,60.0
1304,45.0
155,52.5
875,17.5
2180,57.5
605,60.0
743,35.0
406,52.5
2480,60.0
2162,30.0
26,37.5
1385,NA
698,30.0
2094,25.0
2025,70.0
1957,52.5
1613,NA
786,62.5
692,52.5
3394,45.0
22,15.0
3394,45.0
2110,40.0
1563,40.0
58,52.5
1499,52.5
287,60.0
3102,52.5
479,65.0
1204,32.5
519,57.5
3323,65.0
167,57.5
3407,50.0
2307,30.0
2521,27.5
2532,NA
2112,57.5
1747,27.5
3091,45.0
223,50.0
2110,40.0
2237,65.0
2821,60.0
3150,35.0
2152,27.5
1383,30.0
3384,NA
1139,42.5
1326,NA
2119,37.5
2021,67.5
1189,42.5
835,52.5
1707,32.5
224,62.5
2208,40.0
286,52.5
3492,47.5
704,65.0
1720,52.5
2510,65.0
1288,45.0
1267,55.0
1720,52.5
3430,40.0
2870,NA
2568,60.0
2133,35.0
1940,30.0
1458,35.0
1868,65.0
2161,70.0
1387,57.5
2990,50.0
276,67.5
1128,45.0
2701,72.5
1986,47.5
1708,60.0
3010,62.5
351,47.5
1894,25.0
2751,45.0
1719,60.0
3173,45.0
3255,70.0
917,42.5
512,55.0
660,42.5
3017,42.5
244,50.0
3168,40.0
1244,65.0
2867,27.5
2450,65.0
176,35.0
2931,47.5
3277,40.0
773,30.0
2473,65.0
2087,45.0
2362,60.0
624,60.0
1411,50.0
2380,62.5
3457,40.0
2015,57.5
3488,57.5
3427,47.5
1953,45.0
2879,50.0
2877,NA
1351,22.5
2972,57.5
2638,47.5
1801,NA
2091,42.5
2517,52.5
385,62.5
2175,62.5
753,40.0
2747,67.5
2385,NA
1950,55.0
1359,67.5
3210,NA
990,35.0
1317,37.5
3128,45.0
3133,45.0
2345,35.0
1372,42.5
1580,NA
1305,45.0
2738,NA
3187,42.5
2755,37.5
1235,52.5
1982,42.5
2181,45.0
1507,45.0
2778,50.0
2563,40.0
1468,30.0
2831,60.0
1999,45.0
2631,57.5
2806,72.5
3409,65.0
3471,37.5
1142,72.5
232,55.0
567,32.5
2289,50.0
279,37.5
2114,55.0
140,NA
601,NA
1828,42.5
842,25.0
1934,45.0
2890,57.5
445,37.5
3396,47.5
2032,55.0
1750,35.0
2395,67.5
3067,45.0
667,62.5
600,50.0
1481,62.5
1726,27.5
3352,55.0
2368,NA
3184,35.0
3306,42.5
978,37.5
664,62.5
755,55.0
2260,27.5
528,57.5
865,27.5
694,62.5
1944,NA
3433,NA
689,30.0
2259,42.5
170,47.5
1791,27.5
3175,NA
1055,62.5
2970,NA
1312,NA
633,40.0
1018,45.0
1483,55.0
2195,65.0
2019,52.5
1818,45.0
3015,45.0
2768,47.5
576,60.0
1301,37.5
1271,27.5
969,42.5
2653,NA
3365,15.0
879,NA
1137,55.0
3422,57.5
1448,65.0
1547,40.0
1780,37.5
3399,32.5
926,67.5
165,30.0
3371,57.5
3223,60.0
1863,35.0
2604,55.0
196,42.5
3191,65.0
679,45.0
3207,62.5
3490,40.0
231,27.5
395,55.0
980,65.0
1579,30.0
2908,42.5
334,45.0
2472,32.5
740,37.5
2625,32.5
1001,62.5
3146,60.0
503,NA
1174,40.0
1577,45.0
349,40.0
1626,62.5
3281,45.0
3030,NA
529,32.5
3180,27.5
2018,42.5
1354,32.5
2608,50.0
2941,62.5
2914,NA
110,62.5
1661,57.5
1926,30.0
32,52.5
2276,72.5
1316,32.5
1484,50.0
550,65.0
409,60.0
2862,57.5
1028,45.0
2484,55.0
1591,42.5
3182,62.5
805,55.0
2623,25.0
150,60.0
506,62.5
3149,50.0
957,35.0
1382,62.5
2951,62.5
1864,55.0
2975,55.0
1001,62.5
1886,17.5
3087,60.0
1541,32.5
910,45.0
1954,32.5
3261,55.0
847,50.0
420,60.0
3160,45.0
393,42.5
2266,52.5
1596,57.5
1646,35.0
761,30.0
1526,65.0
1421,52.5
2827,NA
1361,50.0
2188,57.5
2239,45.0
3388,60.0
1840,45.0
2124,60.0
847,50.0
820,42.5
2628,62.5
89,22.5
1245,77.5
209,67.5
2897,35.0
1808,47.5
1443,47.5
1997,22.5
450,32.5
2649,47.5
1591,42.5
1318,50.0
3367,22.5
3126,42.5
245,40.0
2411,42.5
1002,45.0
364,57.5
2064,42.5
809,57.5
1291,62.5
1340,37.5
1758,45.0
2652,NA
3362,37.5
427,62.5
2535,47.5
1052,47.5
814,20.0
262,NA
2230,35.0
499,52.5
1707,32.5
1033,45.0
190,30.0
655,25.0
769,NA
2985,62.5
3009,50.0
180,45.0
3101,32.5
439,37.5
2529,42.5
2272,37.5
3144,52.5
2199,70.0
2774,37.5
2083,47.5
844,40.0
1994,47.5
3176,30.0
1704,65.0
935,42.5
3349,40.0
167,57.5
3232,32.5
3496,50.0
1763,77.5
1427,47.5
137,60.0
1228,45.0
2302,57.5
2962,37.5
1883,NA
861,32.5
866,57.5
1849,47.5
1220,55.0
181,40.0
54,60.0
2685,50.0
127,60.0
2011,50.0
1176,77.5
3206,32.5
2687,42.5
190,30.0
1997,22.5
2891,50.0
906,NA
2012,NA
2377,27.5
2120,50.0
2703,62.5
728,55.0
1161,72.5
571,32.5
1677,27.5
3100,NA
877,50.0
2854,37.5
529,32.5
2172,37.5
3246,NA
3070,40.0
3452,42.5
3103,35.0
891,50.0
2335,20.0
2305,60.0
1559,40.0
1498,37.5
2647,45.0
1295,62.5
2798,55.0
1691,NA
792,37.5
2837,47.5
2899,55.0
327,60.0
2493,47.5
1730,35.0
1421,52.5
2932,55.0
1783,62.5
487,NA
992,55.0
545,NA
1000,30.0
631,45.0
449,20.0
1757,40.0
2267,25.0
1214,20.0
1144,70.0
3139,47.5
1833,NA
3355,55.0
474,42.5
2264,42.5
2027,NA
1539,40.0
2775,27.5
314,62.5
1537,40.0
904,55.0
3161,40.0
2162,30.0
2801,60.0
1066,50.0
765,57.5
121,67.5
395,55.0
403,NA
2121,35.0
1930,27.5
3174,35.0
2582,60.0
2864,45.0
2538,37.5
1165,75.0
382,47.5
1134,35.0
381,55.0
951,57.5
948,72.5
869,57.5
2461,57.5
1721,32.5
2743,NA
2079,12.5
1054,NA
3442,47.5
3089,40.0
1927,52.5
2397,40.0
3053,45.0
912,60.0
1627,65.0
1694,30.0
1713,67.5
907,45.0
921,32.5
29,40.0
2132,37.5
542,NA
1532,50.0
2113,55.0
2696,65.0
2228,52.5
2379,67.5
1002,45.0
69,35.0
563,65.0
1888,47.5
2879,50.0
425,37.5
195,37.5
608,40.0
3497,40.0
1931,32.5
2060,52.5
2722,60.0
1777,47.5
3183,45.0
3468,52.5
2330,37.5
2026,NA
737,50.0
356,22.5
1174,40.0
392,NA
3215,22.5
536,50.0
103,62.5
2759,20.0
2317,35.0
3347,67.5
1263,50.0
2316,NA
2727,30.0
78,NA
2432,37.5
1820,52.5
2575,50.0
2157,47.5
2220,37.5
2957,NA
2985,62.5
552,65.0
2250,60.0
1558,17.5
871,NA
2075,67.5
2942,45.0
1038,47.5
186,65.0
3089,40.0
3029,35.0
1745,32.5
3275,47.5
1097,55.0
2841,50.0
2085,30.0
2263,25.0
3042,62.5
2663,37.5
147,55.0
2786,42.5
1471,57.5
690,NA
876,42.5
702,NA
387,NA
3491,47.5
2376,37.5
2766,25.0
1685,52.5
2056,52.5
941,40.0
1389,57.5
2615,57.5
452,40.0
3005,42.5
3203,30.0
62,40.0
970,NA
324,52.5
613,42.5
2657,52.5
225,72.5
1163,60.0
3315,32.5
2561,22.5
2448,20.0
612,47.5
597,NA
2968,32.5
2752,30.0
118,35.0
2189,40.0
2972,57.5
279,37.5
66,37.5
3059,70.0
3243,37.5
352,30.0
3033,57.5
2373,NA
90,32.5
480,60.0
2689,35.0
1929,32.5
1880,47.5
1627,65.0
1384,55.0
230,40.0
1126,27.5
2249,37.5
3500,50.0
2238,60.0
2944,35.0
881,67.5
2273,47.5
815,35.0
971,50.0
1200,NA
1473,62.5
2329,22.5
2634,30.0
2940,NA
2802,52.5
2408,35.0
767,32.5
3118,52.5
1153,40.0
777,40.0
1103,52.5
176,35.0
2845,NA
1310,25.0
1757,40.0
2038,65.0
2452,45.0
1464,47.5
3217,25.0
2219,50.0
1352,62.5
2964,NA
979,60.0
558,37.5
2835,77.5
275,NA
3224,32.5
2146,37.5
1759,62.5
3219,52.5
1147,42.5
873,32.5
3148,55.0
1286,37.5
1487,55.0
975,NA
2274,37.5
2853,15.0
2004,50.0
187,70.0
357,30.0
2088,65.0
771,35.0
437,62.5
2793,35.0
169,42.5
669,27.5
3476,50.0
3250,NA
942,NA
2639,45.0
2370,57.5
3424,35.0
2347,42.5
808,65.0
1798,47.5
3258,30.0
169,42.5
1892,47.5
113,NA
1761,75.0
3279,62.5
141,62.5
183,22.5
1901,52.5
2504,NA
2861,25.0
3035,45.0
3208,NA
844,40.0
2840,17.5
3073,47.5
2679,42.5
1488,NA
3387,45.0
2574,32.5
1281,47.5
3458,30.0
1173,37.5
948,72.5
1584,72.5
1497,40.0
775,22.5
2660,45.0
1529,47.5
520,52.5
3397,62.5
2546,NA
920,25.0
1110,37.5
2534,70.0
1238,42.5
1729,40.0
2166,62.5
2681,40.0
3159,67.5
768,30.0
2707,72.5
883,67.5
2255,57.5
1460,30.0
228,25.0
114,57.5
1917,30.0
3184,35.0
2541,32.5
2245,55.0
1294,50.0
1195,75.0
2257,30.0
386,25.0
2615,57.5
2667,37.5
2317,35.0
2813,52.5
999,45.0
404,35.0
2824,22.5
1053,NA
2930,70.0
1534,55.0
2498,60.0
1658,37.5
778,72.5
3451,60.0
237,67.5
1510,52.5
1753,27.5
623,40.0
1097,55.0
2836,32.5
1919,50.0
679,45.0
362,57.5
2600,NA
701,NA
2601,35.0
2567,47.5
1182,2.5
52,47.5
222,55.0
1958,65.0
2858,45.0
2886,52.5
2520,50.0
385,62.5
1430,32.5
1289,30.0
2175,62.5
1600,50.0
301,60.0
445,37.5
2307,30.0
701,NA
3481,50.0
2579,60.0
983,65.0
2284,NA
2427,52.5
1728,37.5
2041,37.5
1979,65.0
2359,47.5
2995,32.5
1875,37.5
2046,62.5
172,65.0
1375,50.0
1682,32.5
2207,57.5
1324,60.0
1689,55.0
1919,50.0
3151,60.0
1630,55.0
3021,NA
1873,42.5
3056,NA
538,70.0
3070,40.0
666,27.5
1045,NA
2183,27.5
1227,32.5
696,35.0
1524,70.0
96,67.5
3279,62.5
2292,35.0
277,57.5
572,57.5
1680,40.0
1582,62.5
950,37.5
3499,32.5
130,45.0
2200,65.0
1036,30.0
2841,50.0
3417,35.0
449,20.0
839,NA
2853,15.0
710,52.5
2655,72.5
2724,42.5
1664,55.0
1806,NA
1495,57.5
1903,47.5
1187,40.0
1792,37.5
1930,27.5
2334,27.5
2585,57.5
2229,55.0
2155,47.5
507,NA
235,50.0
1628,50.0
1339,35.0
3442,47.5
2781,55.0
2697,NA
2125,30.0
3160,45.0
2003,60.0
2069,NA
1716,60.0
1502,NA
634,40.0
987,62.5
744,47.5
108,42.5
3105,57.5
1737,60.0
2678,32.5
656,57.5
527,52.5
252,67.5
1922,47.5
113,NA
1949,NA
2346,52.5
1989,40.0
2354,65.0
2974,NA
1587,52.5
1966,45.0
2399,47.5
1364,55.0
1976,47.5
171,30.0
2906,62.5
1238,42.5
2463,NA
3433,NA
641,37.5
2914,NA
2635,37.5
156,40.0
1577,45.0
3085,45.0
1320,30.0
377,47.5
1120,55.0
201,50.0
719,50.0
3345,65.0
87,72.5
3007,60.0
379,30.0
1071,NA
1825,NA
2165,55.0
732,30.0
2344,50.0
1104,35.0
2011,50.0
904,55.0
1799,70.0
644,52.5
993,42.5
3113,40.0
2136,55.0
621,55.0
1933,40.0
1122,45.0
1523,42.5
180,45.0
3092,42.5
1246,50.0
437,62.5
995,50.0
2666,47.5
2937,52.5
2172,37.5
1522,55.0
3218,60.0
2198,NA
444,35.0
2630,55.0
2580,40.0
1871,32.5
1228,45.0
3268,30.0
829,NA
2074,40.0
1535,52.5
3203,30.0
2453,47.5
293,52.5
3381,42.5
2770,57.5
2336,50.0
2785,47.5
2237,65.0
522,40.0
1748,NA
1402,50.0
729,45.0
1189,42.5
1795,72.5
1836,55.0
493,42.5
2531,67.5
163,62.5
2369,50.0
2665,55.0
1143,45.0
1959,65.0
105,72.5
1053,NA
1897,35.0
1082,NA
2193,30.0
305,72.5
3309,57.5
1381,40.0
1851,55.0
1313,37.5
3482,NA
3266,32.5
1017,57.5
2122,57.5
1215,40.0
386,25.0
1853,52.5
1206,NA
157,55.0
1441,50.0
2280,47.5
1327,55.0
2686,32.5
1070,NA
1757,40.0
1715,50.0
2313,60.0
3362,37.5
2141,50.0
301,60.0
2223,70.0
1565,57.5
1987,27.5
3429,40.0
1216,42.5
208,40.0
1780,37.5
1083,42.5
2476,52.5
137,60.0
1173,37.5
3041,55.0
972,42.5
1121,60.0
2471,80.0
143,22.5
2805,40.0
1634,35.0
3242,35.0
830,45.0
1814,67.5
2874,NA
770,37.5
3052,52.5
1334,45.0
3268,30.0
2486,62.5
1739,45.0
1594,45.0
2206,57.5
2452,45.0
3227,57.5
1370,45.0
3454,25.0
660,42.5
2111,50.0
2310,NA
2491,62.5
2737,55.0
2427,52.5
727,27.5
55,37.5
2140,65.0
748,52.5
575,50.0
1331,52.5
2562,52.5
3195,47.5
2842,32.5
2197,45.0
2090,50.0
1727,47.5
205,40.0
921,32.5
3480,20.0
3069,45.0
1765,22.5
332,55.0
903,32.5
2343,65.0
764,65.0
715,35.0
953,NA
955,22.5
1343,35.0
1695,57.5
1290,30.0
2109,50.0
984,37.5
3470,45.0
1884,NA
1887,62.5
3107,52.5
1156,67.5
2543,35.0
2077,45.0
632,67.5
2884,NA
2527,NA
2918,67.5
1461,47.5
472,NA
806,27.5
117,57.5
2903,57.5
1036,30.0
1632,47.5
3171,42.5
2479,67.5
2392,20.0
887,57.5
1879,50.0
1256,45.0
1674,37.5
2149,62.5
982,47.5
298,NA
3038,NA
1396,52.5
2797,52.5
3285,NA
360,37.5
3422,57.5
2501,57.5
1067,50.0
2866,47.5
1778,52.5
204,35.0
1197,35.0
3161,40.0
2744,47.5
1233,55.0
2168,35.0
1560,47.5
1418,NA
905,32.5
2515,52.5
3216,45.0
1461,47.5
22,15.0
2202,45.0
513,32.5
95,NA
1645,NA
2239,45.0
2925,27.5
1287,62.5
2117,45.0
2190,47.5
1352,62.5
488,40.0
3042,62.5
767,32.5
429,50.0
927,32.5
552,65.0
3263,50.0
1671,35.0
1519,52.5
1887,62.5
640,57.5
1639,27.5
836,55.0
1904,52.5
2041,37.5
125,50.0
1888,47.5
1999,45.0
782,62.5
1806,NA
1399,60.0
2500,37.5
2028,27.5
802,30.0
3143,52.5
1103,52.5
3387,45.0
297,37.5
2438,52.5
691,42.5
1407,37.5
1769,27.5
397,55.0
3220,40.0
2422,45.0
258,42.5
91,NA
1511,22.5
3238,62.5
288,60.0
1982,42.5
2273,47.5
2716,52.5
2432,37.5
1573,NA
1144,70.0
1224,40.0
494,42.5
164,57.5
2068,50.0
1182,2.5
1355,40.0
961,35.0
2696,65.0
879,NA
2988,57.5
1668,55.0
534,52.5
2560,NA
1978,42.5
3420,30.0
1089,NA
2720,25.0
3449,37.5
2127,62.5
11,30.0
1094,40.0
1469,47.5
809,57.5
749,NA
2567,47.5
263,47.5
1968,62.5
2549,27.5
3322,27.5
1177,55.0
1351,22.5
2674,35.0
2614,32.5
619,37.5
1995,NA
3495,72.5
741,62.5
589,57.5
678,52.5
371,40.0
1692,37.5
2556,62.5
2420,40.0
146,55.0
488,40.0
2172,37.5
6,40.0
2341,40.0
407,37.5
2022,50.0
822,62.5
151,NA
1289,30.0
3311,22.5
2524,57.5
2843,35.0
1912,50.0
2302,57.5
2895,42.5
1530,57.5
1234,30.0
3006,NA
2234,40.0
59,47.5
1625,37.5
2779,57.5
917,42.5
1640,37.5
2536,70.0
339,57.5
2729,47.5
2182,37.5
1088,47.5
628,52.5
2056,52.5
2752,30.0
1319,30.0
2089,35.0
3159,67.5
1292,NA
400,45.0
607,42.5
2626,67.5
667,62.5
1958,65.0
232,55.0
3106,60.0
1860,60.0
2553,60.0
1656,47.5
2556,62.5
1506,40.0
1816,67.5
1656,47.5
2483,37.5
842,25.0
572,57.5
2743,NA
592,55.0
2150,55.0
280,42.5
614,55.0
1278,40.0
256,30.0
3273,52.5
808,65.0
717,47.5
2906,62.5
2026,NA
2291,NA
1390,NA
1545,25.0
1776,62.5
2823,32.5
1041,47.5
253,47.5
503,NA
551,45.0
622,50.0
2736,30.0
1314,50.0
1118,42.5
3467,55.0
2323,40.0
726,57.5
938,32.5
359,40.0
2569,NA
75,35.0
1057,NA
2223,70.0
305,72.5
3482,NA
2939,57.5
1028,45.0
353,62.5
2542,42.5
1561,37.5
1734,37.5
3232,32.5
1765,22.5
1051,55.0
1700,47.5
2388,52.5
582,47.5
2283,37.5
3474,37.5
468,37.5
2665,55.0
3427,47.5
2375,32.5
2449,57.5
1717,45.0
3393,55.0
2402,70.0
1282,52.5
1528,NA
3395,30.0
304,37.5
988,32.5
67,60.0
2826,45.0
1858,52.5
1751,70.0
2278,57.5
1967,47.5
1315,37.5
1525,NA
1770,70.0
2244,NA
1309,47.5
3174,35.0
738,32.5
2849,30.0
3143,52.5
2116,30.0
292,50.0
2106,35.0
718,37.5
2048,40.0
73,55.0
3067,45.0
253,47.5
828,47.5
1333,NA
323,67.5
2742,57.5
1768,27.5
358,57.5
746,47.5
2732,42.5
568,50.0
2185,40.0
818,22.5
1169,47.5
872,35.0
3436,42.5
1799,70.0
191,NA
3125,35.0
1248,45.0
1546,50.0
272,35.0
1125,52.5
259,65.0
2356,37.5
2960,67.5
951,57.5
3214,35.0
106,52.5
1176,77.5
1192,57.5
1567,27.5
2047,40.0
1682,32.5
2073,45.0
3259,55.0
812,60.0
2518,45.0
3485,60.0
1133,30.0
1345,42.5
748,52.5
2648,47.5
1898,37.5
1942,42.5
2829,42.5
919,40.0
3297,32.5
2146,37.5
1843,37.5
3088,52.5
3413,55.0
364,57.5
3464,35.0
3315,32.5
10,50.0
1973,NA
1784,NA
1902,55.0
2673,50.0
2693,45.0
648,55.0
2348,42.5
1960,32.5
829,NA
1306,27.5
2550,57.5
593,60.0
1219,45.0
968,45.0
854,50.0
1116,NA
1040,45.0
1543,32.5
2,62.5
1640,37.5
98,40.0
2762,50.0
2744,47.5
1170,40.0
144,40.0
216,35.0
3069,45.0
649,32.5
851,32.5
2362,60.0
897,47.5
1792,37.5
664,62.5
2651,40.0
216,35.0
2750,60.0
1946,NA
1426,52.5
979,60.0
1397,55.0
8,57.5
291,35.0
559,NA
407,37.5
1422,60.0
635,27.5
1092,45.0
3028,52.5
1722,62.5
1517,NA
3142,25.0
2728,45.0
2109,50.0
179,55.0
3100,NA
2926,60.0
128,60.0
1863,35.0
485,52.5
3186,55.0
1924,65.0
2413,47.5
2570,42.5
2819,60.0
1367,47.5
1354,32.5
3207,62.5
1625,37.5
1810,27.5
2086,42.5
882,45.0
1650,65.0
1566,45.0
3109,25.0
3340,70.0
1486,55.0
1087,47.5
815,35.0
3374,55.0
494,42.5
1462,37.5
3115,62.5
673,47.5
2402,70.0
566,50.0
3440,42.5
783,37.5
1086,40.0
2606,55.0
1848,NA
1068,47.5
768,30.0
2568,60.0
992,55.0
827,62.5
946,NA
2192,32.5
1263,50.0
3146,60.0
1201,NA
563,65.0
1023,60.0
759,32.5
1893,47.5
68,52.5
2798,55.0
2389,52.5
991,52.5
3497,40.0
2183,27.5
1908,55.0
716,47.5
582,47.5
363,60.0
2814,52.5
2382,47.5
3419,50.0
1779,50.0
1846,47.5
702,NA
2496,45.0
535,35.0
853,47.5
1355,40.0
2073,45.0
1454,47.5
3346,40.0
145,50.0
3397,62.5
3186,55.0
3460,57.5
3124,45.0
2983,67.5
305,72.5
52,47.5
589,57.5
754,NA
898,30.0
733,50.0
3014,27.5
852,42.5
3370,32.5
596,0.0
1635,40.0
1592,27.5
1431,42.5
510,37.5
572,57.5
260,NA
251,30.0
1102,40.0
1684,40.0
442,40.0
1629,25.0
1738,35.0
2911,57.5
846,42.5
1048,NA
3172,27.5
3414,27.5
2737,55.0
548,NA
1496,52.5
988,32.5
1862,45.0
537,55.0
1482,35.0
3304,57.5
2976,52.5
3081,45.0
2787,37.5
1922,47.5
1610,65.0
1405,65.0
3071,20.0
2265,55.0
1088,47.5
688,37.5
1193,50.0
481,27.5
796,45.0
1056,75.0
2415,72.5
1136,65.0
1617,62.5
2865,60.0
1267,55.0
1586,NA
1272,40.0
896,20.0
1263,50.0
402,NA
283,15.0
629,55.0
1099,40.0
1791,27.5
709,55.0
985,47.5
672,62.5
422,62.5
1027,40.0
3248,42.5
2516,NA
291,35.0
966,12.5
2960,67.5
1796,37.5
175,47.5
3404,40.0
308,40.0
1506,40.0
442,40.0
1344,35.0
1048,NA
783,37.5
1229,62.5
1323,37.5
1051,55.0
401,30.0
1754,30.0
592,55.0
3223,60.0
2824,22.5
141,62.5
556,65.0
3221,42.5
1540,42.5
2301,57.5
1456,60.0
51,62.5
1186,47.5
2930,70.0
1824,65.0
2248,35.0
1751,70.0
2495,37.5
976,45.0
2010,35.0
101,65.0
1650,65.0
330,40.0
1258,47.5
2296,40.0
3068,47.5
3282,45.0
2009,30.0
1363,NA
1226,72.5
1500,45.0
102,NA
1406,40.0
112,70.0
463,55.0
2770,57.5
1711,37.5
1597,65.0
1293,55.0
1138,NA
2256,37.5
683,42.5
1631,52.5
7,55.0
413,55.0
1005,67.5
1186,47.5
1058,NA
1371,62.5
139,47.5
3271,47.5
982,47.5
313,37.5
2761,57.5
1209,32.5
3217,25.0
1029,60.0
2575,50.0
1335,50.0
2593,40.0
3466,42.5
2618,60.0
781,67.5
1275,47.5
1950,55.0
3299,50.0
2816,17.5
2944,35.0
282,NA
1607,NA
1517,NA
3147,50.0
1518,67.5
108,42.5
2542,42.5
2960,67.5
652,45.0
1414,45.0
3361,45.0
3094,37.5
2782,62.5
3064,52.5
2904,47.5
2597,47.5
1664,55.0
2295,55.0
1948,52.5
336,25.0
2080,35.0
2035,55.0
3304,57.5
97,55.0
3346,40.0
1873,42.5
1039,57.5
1320,30.0
596,0.0
3379,27.5
2154,35.0
3331,40.0
1123,40.0
509,32.5
1270,22.5
1090,50.0
757,35.0
2661,42.5
1,55.0
3369,35.0
1981,52.5
570,50.0
1280,40.0
1679,40.0
150,60.0
730,32.5
2320,NA
1599,52.5
1846,47.5
459,42.5
2924,55.0
2554,62.5
601,NA
3305,42.5
18,55.0
867,40.0
931,62.5
3047,45.0
3065,NA
2085,30.0
800,57.5
2552,32.5
638,50.0
620,35.0
918,32.5
525,70.0
2482,47.5
1434,70.0
1285,45.0
1472,60.0
1624,35.0
496,50.0
3003,25.0
1298,25.0
35,50.0
3424,35.0
2636,65.0
3201,NA
1871,32.5
343,57.5
3473,42.5
3383,40.0
3455,47.5
1155,NA
1722,62.5
2508,45.0
2620,55.0
115,45.0
2640,67.5
855,62.5
3013,47.5
1149,NA
2561,22.5
292,50.0
322,NA
1546,50.0
2001,57.5
106,52.5
507,NA
2012,NA
1455,37.5
27,35.0
2641,45.0
2710,NA
1184,57.5
1440,55.0
33,55.0
361,47.5
239,37.5
2826,45.0
1938,67.5
2128,45.0
1452,30.0
2584,45.0
1904,52.5
1426,52.5
1362,50.0
3137,22.5
2612,60.0
74,57.5
299,42.5
228,25.0
2102,42.5
553,42.5
1353,55.0
3215,22.5
1130,62.5
2659,37.5
1758,45.0
2845,NA
2016,37.5
2222,45.0
2083,47.5
551,45.0
3244,50.0
2261,75.0
2207,57.5
2677,NA
3114,70.0
316,27.5
923,52.5
2857,NA
310,55.0
2380,62.5
3277,40.0
1049,47.5
2653,NA
1208,42.5
2656,35.0
265,47.5
1679,40.0
1080,42.5
45,52.5
2808,27.5
2485,42.5
3422,57.5
3232,32.5
2513,40.0
1637,52.5
2839,52.5
1825,NA
2086,42.5
1492,52.5
202,40.0
1450,40.0
2381,NA
2023,50.0
3400,57.5
2642,55.0
430,47.5
716,47.5
2722,60.0
813,22.5
718,37.5
2045,40.0
2306,NA
2756,37.5
2517,52.5
2327,32.5
1759,62.5
2544,35.0
1465,37.5
3252,60.0
2286,62.5
100,47.5
169,42.5
3085,45.0
3082,NA
3044,52.5
110,62.5
445,37.5
924,55.0
3430,40.0
2759,20.0
2676,60.0
2716,52.5
1590,52.5
1559,40.0
515,17.5
1363,NA
1357,45.0
2325,32.5
1382,62.5
2589,40.0
2612,60.0
320,37.5
627,30.0
3006,NA
2567,47.5
2058,40.0
1004,32.5
2235,57.5
3451,60.0
1542,52.5
1973,NA
2921,45.0
826,60.0
1915,65.0
2091,42.5
3190,47.5
2030,22.5
2316,NA
586,67.5
2492,42.5
810,67.5
1755,67.5
2981,52.5
1702,52.5
1106,50.0
1328,55.0
2672,52.5
1545,25.0
2418,70.0
538,70.0
1603,50.0
441,35.0
608,40.0
1874,57.5
3218,60.0
3447,57.5
780,50.0
3416,72.5
1273,67.5
93,52.5
7,55.0
3307,40.0
326,32.5
2909,42.5
102,NA
3211,35.0
1817,32.5
1643,NA
3044,52.5
61,NA
1171,32.5
3150,35.0
46,47.5
248,50.0
724,42.5
1973,NA
347,NA
1804,57.5
1070,NA
1951,NA
2290,27.5
973,45.0
2338,35.0
1452,30.0
374,50.0
20,32.5
3497,40.0
390,57.5
58,52.5
1230,42.5
906,NA
23,52.5
59,47.5
2040,55.0
3083,40.0
1073,57.5
82,45.0
2790,NA
217,50.0
1701,40.0
28,40.0
506,62.5
1306,27.5
2735,62.5
747,55.0
834,42.5
2338,35.0
3008,67.5
3104,40.0
2951,62.5
1538,35.0
2974,NA
1412,60.0
990,35.0
2564,40.0
1350,55.0
798,42.5
2459,40.0
383,40.0
2486,62.5
857,42.5
3335,57.5
934,72.5
2053,62.5
2324,NA
179,55.0
3265,37.5
722,47.5
2013,30.0
257,67.5
131,65.0
1105,27.5
3003,25.0
983,65.0
780,50.0
1732,72.5
977,42.5
76,55.0
2675,55.0
3233,52.5
1157,37.5
2579,60.0
1146,65.0
1731,42.5
1000,30.0
2822,50.0
389,42.5
330,40.0
914,NA
2785,47.5
450,32.5
1964,37.5
3405,65.0
3045,35.0
3049,32.5
1685,52.5
2953,40.0
3260,57.5
467,37.5
1796,37.5
2043,20.0
2194,NA
490,NA
2961,42.5
1668,55.0
1805,37.5
2437,72.5
302,55.0
1568,42.5
2332,40.0
997,50.0
465,57.5
724,42.5
2443,32.5
2771,40.0
2980,52.5
1384,55.0
1983,47.5
1883,NA
1155,NA
1367,47.5
2702,42.5
1601,60.0
19,NA
1813,27.5
483,60.0
2414,70.0
3209,45.0
101,65.0
1391,42.5
2503,45.0
1971,37.5
201,50.0
1101,45.0
1663,37.5
576,60.0
234,45.0
3095,42.5
2253,50.0
2051,42.5
3051,NA
3434,NA
759,32.5
2809,50.0
247,45.0
1769,27.5
3326,55.0
3025,50.0
2418,70.0
2393,67.5
2916,50.0
2528,40.0
627,30.0
3373,62.5
541,57.5
2363,67.5
3423,NA
2664,50.0
1981,52.5
3285,NA
1594,45.0
2749,30.0
1854,55.0
1581,70.0
2391,50.0
3251,50.0
2399,47.5
3338,52.5
2849,30.0
1891,42.5
2343,65.0
3251,50.0
1332,45.0
2829,42.5
1562,NA
1670,37.5
1277,20.0
2216,32.5
2214,57.5
170,47.5
1918,62.5
2915,37.5
85,NA
632,67.5
819,32.5
3453,42.5
1598,57.5
2892,57.5
2459,40.0
2353,30.0
2441,50.0
700,32.5
33,55.0
1953,45.0
846,42.5
2587,52.5
3377,50.0
3055,40.0
2934,52.5
1717,45.0
2982,20.0
2641,45.0
1872,57.5
2603,30.0
605,60.0
1838,57.5
2029,80.0
2409,60.0
2559,67.5
1278,40.0
1329,60.0
1534,55.0
3035,45.0
1433,55.0
567,32.5
1960,32.5
2423,67.5
2889,42.5
2312,60.0
3105,57.5
2866,47.5
2848,62.5
410,37.5
584,52.5
3092,42.5
655,25.0
1282,52.5
588,62.5
3405,65.0
1754,30.0
3498,57.5
239,37.5
2202,45.0
1896,42.5
1421,52.5
3459,62.5
2682,NA
713,37.5
1906,40.0
3334,NA
777,40.0
895,55.0
2139,55.0
424,NA
779,47.5
1837,40.0
2872,22.5
2513,40.0
2737,55.0
70,47.5
1611,NA
478,50.0
59,47.5
881,67.5
2213,25.0
3308,60.0
2868,70.0
708,60.0
405,25.0
1408,52.5
172,65.0
1681,52.5
650,NA
2217,57.5
3027,35.0
2156,15.0
82,45.0
2942,45.0
2454,27.5
1470,30.0
328,NA
3292,32.5
209,67.5
3480,20.0
3256,52.5
2613,37.5
3,60.0
309,47.5
1916,42.5
173,57.5
2753,47.5
399,50.0
160,55.0
839,NA
753,40.0
616,32.5
2163,55.0
1894,25.0
1669,32.5
2351,77.5
136,47.5
2427,52.5
1996,NA
2026,NA
2830,37.5
1362,50.0
132,37.5
2170,45.0
959,75.0
2177,67.5
2540,52.5
1183,62.5
3303,42.5
341,57.5
807,35.0
332,55.0
2996,32.5
1693,57.5
2779,57.5
2760,60.0
2426,40.0
2022,50.0
2194,NA
155,52.5
791,30.0
3152,35.0
1840,45.0
74,57.5
184,65.0
1240,67.5
954,NA
1411,50.0
2950,42.5
2099,60.0
2573,60.0
2447,55.0
1969,65.0
2254,42.5
1564,52.5
2461,57.5
2417,32.5
2367,52.5
2582,60.0
2815,NA
3024,37.5
274,65.0
1641,22.5
723,62.5
2955,67.5
3465,30.0
2881,37.5
457,62.5
157,55.0
1704,65.0
353,62.5
564,27.5
544,52.5
1608,65.0
3272,35.0
2584,45.0
2018,42.5
1889,50.0
3436,42.5
1466,65.0
1297,37.5
2065,45.0
2562,52.5
806,27.5
3220,40.0
1022,67.5
868,42.5
1613,NA
1199,45.0
1550,42.5
1008,NA
2426,40.0
1867,47.5
2948,32.5
920,25.0
3411,NA
439,37.5
1444,55.0
3110,40.0
653,50.0
2025,70.0
3229,55.0
2700,40.0
549,NA
1275,47.5
458,35.0
116,70.0
2629,NA
1038,47.5
1983,47.5
2014,NA
2287,60.0
613,42.5
1072,57.5
1861,NA
1497,40.0
3119,57.5
794,40.0
458,35.0
1791,27.5
901,NA
2187,37.5
665,50.0
1587,52.5
2628,62.5
1683,35.0
3014,27.5
3432,NA
3324,50.0
1766,57.5
2181,45.0
1231,27.5
2821,60.0
221,NA
728,55.0
3112,47.5
220,52.5
1328,55.0
340,42.5
2447,55.0
2935,45.0
40,55.0
2244,NA
3122,57.5
2632,47.5
2739,67.5
776,27.5
2408,35.0
466,45.0
2972,57.5
2296,40.0
1653,70.0
2764,57.5
763,65.0
2745,NA
3245,52.5
2670,57.5
1821,67.5
2299,47.5
1537,40.0
763,65.0
2858,45.0
2699,50.0
1622,55.0
1122,45.0
1516,52.5
1667,50.0
1794,32.5
3396,47.5
2255,57.5
930,50.0
486,60.0
261,45.0
1347,NA
2551,35.0
3192,37.5
206,32.5
2304,35.0
3300,42.5
2650,42.5
1715,50.0
590,42.5
1150,65.0
930,50.0
2757,50.0
378,27.5
2403,62.5
2440,50.0
3263,50.0
2992,75.0
742,50.0
1733,45.0
832,45.0
2765,NA
2575,50.0
1775,67.5
2585,57.5
344,40.0
570,50.0
2647,45.0
3231,47.5
2339,NA
1900,42.5
2130,67.5
2095,52.5
2971,17.5
204,35.0
266,37.5
2253,50.0
3199,30.0
1060,52.5
3223,60.0
652,45.0
1262,52.5
2407,75.0
3406,57.5
1945,67.5
885,30.0
3469,37.5
3180,27.5
3196,40.0
2495,37.5